Date,Open,High,Low,Close,Adj Close,Volume
2020-07-06,4.31,4.34,4.19,4.24,4.24,2140900
,4.2825,4.3175,4.157500000000001,4.202500000000001,4.202500000000001,2219825
,4.255,4.295,4.125,4.165,4.165,2298750
,4.2275,4.2725,4.092499999999999,4.1274999999999995,4.1274999999999995,2377675
2020-07-07,4.2,4.25,4.06,4.09,4.09,2456600
,4.175000000000001,4.26,4.0525,4.1325,4.1325,2355650
,4.15,4.27,4.045,4.175,4.175,2254700
,4.125,4.279999999999999,4.0375,4.217499999999999,4.217499999999999,2153750
2020-07-08,4.1,4.29,4.03,4.26,4.26,2052800
,4.1425,4.297499999999999,4.055,4.2475,4.2475,2037750
,4.185,4.305,4.08,4.234999999999999,4.234999999999999,2022700
,4.227499999999999,4.3125,4.105,4.2225,4.2225,2007650
2020-07-09,4.27,4.32,4.13,4.21,4.21,1992600
,4.2524999999999995,4.335,4.1425,4.2425,4.2425,1847150
,4.234999999999999,4.35,4.154999999999999,4.275,4.275,1701700
,4.217499999999999,4.365,4.1674999999999995,4.3075,4.3075,1556250
2020-07-10,4.2,4.38,4.18,4.34,4.34,1410800
,4.237500000000001,4.422499999999999,4.199999999999999,4.32,4.32,2112150
,4.275,4.465,4.22,4.3,4.3,2813500
,4.3125,4.5075,4.24,4.279999999999999,4.279999999999999,3514850
2020-07-13,4.35,4.55,4.26,4.26,4.26,4216200
,4.3175,4.49,4.2125,4.215,4.215,3727550
,4.285,4.43,4.165,4.17,4.17,3238900
,4.2524999999999995,4.369999999999999,4.1175,4.125,4.125,2750250
2020-07-14,4.22,4.31,4.07,4.08,4.08,2261600
,4.1975,4.305,4.085,4.1075,4.1075,2064725
,4.175,4.3,4.1,4.135,4.135,1867850
,4.1525,4.295,4.115,4.1625,4.1625,1670975
2020-07-15,4.13,4.29,4.13,4.19,4.19,1474100
,4.145,4.2675,4.119999999999999,4.1850000000000005,4.1850000000000005,1438100
,4.16,4.245,4.109999999999999,4.18,4.18,1402100
,4.175000000000001,4.2225,4.1,4.175,4.175,1366100
2020-07-16,4.19,4.2,4.09,4.17,4.17,1330100
,4.182500000000001,4.2075,4.0525,4.1175,4.1175,1764050
,4.175000000000001,4.215,4.015,4.0649999999999995,4.0649999999999995,2198000
,4.1675,4.2225,3.9775,4.012499999999999,4.012499999999999,2631950
2020-07-17,4.16,4.23,3.94,3.96,3.96,3065900
,4.1075,4.1875,3.8975,3.9325,3.9325,3149700
,4.055,4.145,3.855,3.9050000000000002,3.9050000000000002,3233500
,4.0024999999999995,4.102499999999999,3.8125,3.8775000000000004,3.8775000000000004,3317300
2020-07-20,3.95,4.06,3.77,3.85,3.85,3401100
,3.9375,4.067499999999999,3.7975000000000003,3.8899999999999997,3.8899999999999997,3385300
,3.925,4.074999999999999,3.825,3.9299999999999997,3.9299999999999997,3369500
,3.9124999999999996,4.0825,3.8525,3.9699999999999998,3.9699999999999998,3353700
2020-07-21,3.9,4.09,3.88,4.01,4.01,3337900
,3.9299999999999997,4.0975,3.8899999999999997,4.035,4.035,3134300
,3.96,4.105,3.9,4.0600000000000005,4.0600000000000005,2930700
,3.9899999999999998,4.112500000000001,3.91,4.085000000000001,4.085000000000001,2727100
2020-07-22,4.02,4.12,3.92,4.11,4.11,2523500
,4.0375,4.1675,3.955,4.11,4.11,2701925
,4.055,4.215,3.9899999999999998,4.11,4.11,2880350
,4.0725,4.262499999999999,4.0249999999999995,4.11,4.11,3058775
2020-07-23,4.09,4.31,4.06,4.11,4.11,3237200
,4.0825,4.289999999999999,4.047499999999999,4.09,4.09,2981875
,4.074999999999999,4.27,4.035,4.07,4.07,2726550
,4.067499999999999,4.25,4.0225,4.050000000000001,4.050000000000001,2471225
2020-07-24,4.06,4.23,4.01,4.03,4.03,2215900
,4.049999999999999,4.202500000000001,3.995,4.025,4.025,2280100
,4.039999999999999,4.175000000000001,3.98,4.02,4.02,2344300
,4.029999999999999,4.147500000000001,3.965,4.015,4.015,2408500
2020-07-27,4.02,4.12,3.95,4.01,4.01,2472700
,4.005,4.1025,3.9425,3.9924999999999997,3.9924999999999997,2993375
,3.9899999999999998,4.085,3.935,3.9749999999999996,3.9749999999999996,3514050
,3.9749999999999996,4.0675,3.9275,3.9574999999999996,3.9574999999999996,4034725
2020-07-28,3.96,4.05,3.92,3.94,3.94,4555400
,3.955,4.0825,3.92,3.9699999999999998,3.9699999999999998,4136450
,3.95,4.115,3.92,4,4,3717500
,3.9450000000000003,4.1475,3.92,4.029999999999999,4.029999999999999,3298550
2020-07-29,3.94,4.18,3.92,4.06,4.06,2879600
,3.955,4.1925,3.9325,4.07,4.07,2759325
,3.9699999999999998,4.205,3.9450000000000003,4.08,4.08,2639050
,3.985,4.2175,3.9575000000000005,4.09,4.09,2518775
2020-07-30,4,4.23,3.97,4.1,4.1,2398500
,4.015,4.2125,3.9750000000000005,4.0775,4.0775,2268725
,4.029999999999999,4.195,3.9800000000000004,4.055,4.055,2138950
,4.045,4.1775,3.9850000000000003,4.0325,4.0325,2009175
2020-07-31,4.06,4.16,3.99,4.01,4.01,1879400
,4.0525,4.1825,3.9925,4.045,4.045,2038950
,4.045,4.205,3.995,4.08,4.08,2198500
,4.0375,4.2275,3.9975,4.115,4.115,2358050
2020-08-03,4.03,4.25,4,4.15,4.15,2517600
,4.055,4.3725000000000005,4.0325,4.220000000000001,4.220000000000001,4478550
,4.08,4.495,4.0649999999999995,4.29,4.29,6439500
,4.105,4.6175,4.0975,4.359999999999999,4.359999999999999,8400450
2020-08-04,4.13,4.74,4.13,4.43,4.43,10361400
,4.2225,4.745,4.16,4.4799999999999995,4.4799999999999995,9000875
,4.3149999999999995,4.75,4.1899999999999995,4.529999999999999,4.529999999999999,7640350
,4.4075,4.755,4.22,4.58,4.58,6279825
2020-08-05,4.5,4.76,4.25,4.63,4.63,4919300
,4.525,4.734999999999999,4.2825,4.58,4.58,4164775
,4.55,4.71,4.3149999999999995,4.529999999999999,4.529999999999999,3410250
,4.574999999999999,4.6850000000000005,4.3475,4.4799999999999995,4.4799999999999995,2655725
2020-08-06,4.6,4.66,4.38,4.43,4.43,1901200
,4.547499999999999,4.595000000000001,4.3,4.3625,4.3625,2261175
,4.494999999999999,4.53,4.22,4.295,4.295,2621150
,4.442499999999999,4.465,4.14,4.2275,4.2275,2981125
2020-08-07,4.39,4.4,4.06,4.16,4.16,3341100
,4.342499999999999,4.442500000000001,4.09,4.202500000000001,4.202500000000001,3646275
,4.295,4.485,4.119999999999999,4.245,4.245,3951450
,4.2475000000000005,4.5275,4.1499999999999995,4.2875,4.2875,4256625
2020-08-10,4.2,4.57,4.18,4.33,4.33,4561800
,4.2575,4.57,4.22,4.335,4.335,4206050
,4.3149999999999995,4.57,4.26,4.34,4.34,3850300
,4.3725,4.57,4.3,4.345,4.345,3494550
2020-08-11,4.43,4.57,4.34,4.35,4.35,3138800
,4.422499999999999,4.585,4.345,4.3925,4.3925,3118500
,4.415,4.6,4.35,4.435,4.435,3098200
,4.407500000000001,4.615,4.355,4.477499999999999,4.477499999999999,3077900
2020-08-12,4.4,4.63,4.36,4.52,4.52,3057600
,4.43,4.65,4.395,4.55,4.55,2825275
,4.46,4.67,4.43,4.58,4.58,2592950
,4.49,4.6899999999999995,4.465,4.609999999999999,4.609999999999999,2360625
2020-08-13,4.52,4.71,4.5,4.64,4.64,2128300
,4.539999999999999,4.74,4.5125,4.6675,4.6675,2464825
,4.56,4.77,4.525,4.695,4.695,2801350
,4.58,4.8,4.5375,4.7225,4.7225,3137875
2020-08-14,4.6,4.83,4.55,4.75,4.75,3474400
,4.645,4.8175,4.5525,4.72,4.72,3198550
,4.6899999999999995,4.805,4.555,4.6899999999999995,4.6899999999999995,2922700
,4.734999999999999,4.7925,4.557499999999999,4.66,4.66,2646850
2020-08-17,4.78,4.78,4.56,4.63,4.63,2371000
,4.737500000000001,4.8025,4.5275,4.675,4.675,2736850
,4.695,4.825,4.494999999999999,4.72,4.72,3102700
,4.6525,4.8475,4.4624999999999995,4.765,4.765,3468550
2020-08-18,4.61,4.87,4.43,4.81,4.81,3834400
,4.657500000000001,4.862500000000001,4.4825,4.7875,4.7875,3528950
,4.705,4.855,4.535,4.765,4.765,3223500
,4.7524999999999995,4.8475,4.5875,4.7425,4.7425,2918050
2020-08-19,4.8,4.84,4.64,4.72,4.72,2612600
,4.755,4.8,4.6075,4.6925,4.6925,2569750
,4.71,4.76,4.574999999999999,4.665,4.665,2526900
,4.665,4.72,4.5424999999999995,4.6375,4.6375,2484050
2020-08-20,4.62,4.68,4.51,4.61,4.61,2441200
,4.615,4.91,4.5325,4.715,4.715,4491550
,4.609999999999999,5.14,4.555,4.82,4.82,6541900
,4.6049999999999995,5.369999999999999,4.5775,4.925000000000001,4.925000000000001,8592250
2020-08-21,4.6,5.6,4.6,5.03,5.03,10642600
,4.725,5.4825,4.59,4.99,4.99,9128300
,4.85,5.365,4.58,4.95,4.95,7614000
,4.975,5.2475000000000005,4.57,4.91,4.91,6099700
2020-08-24,5.1,5.13,4.56,4.87,4.87,4585400
,5.045,5.16,4.64,4.897500000000001,4.897500000000001,4188725
,4.99,5.1899999999999995,4.72,4.925000000000001,4.925000000000001,3792050
,4.9350000000000005,5.22,4.8,4.952500000000001,4.952500000000001,3395375
2020-08-25,4.88,5.25,4.88,4.98,4.98,2998700
,4.9025,5.2425,4.890000000000001,5.0125,5.0125,2943950
,4.925,5.234999999999999,4.9,5.045,5.045,2889200
,4.9475,5.227499999999999,4.91,5.077500000000001,5.077500000000001,2834450
2020-08-26,4.97,5.22,4.92,5.11,5.11,2779700
,5.005,5.26,4.945,5.145,5.145,2930875
,5.04,5.3,4.97,5.18,5.18,3082050
,5.075,5.34,4.994999999999999,5.215,5.215,3233225
2020-08-27,5.11,5.38,5.02,5.25,5.25,3384400
,5.157500000000001,5.4275,5.069999999999999,5.285,5.285,3597525
,5.205,5.475,5.119999999999999,5.32,5.32,3810650
,5.2524999999999995,5.5225,5.17,5.355,5.355,4023775
2020-08-28,5.3,5.57,5.22,5.39,5.39,4236900
,5.4175,5.965,5.3375,5.7125,5.7125,12671675
,5.535,6.36,5.455,6.035,6.035,21106450
,5.6525,6.755000000000001,5.5725,6.3575,6.3575,29541225
2020-08-31,5.77,7.15,5.69,6.68,6.68,37976000
,6.1525,7.317500000000001,5.960000000000001,6.922499999999999,6.922499999999999,34271650
,6.535,7.485,6.23,7.165,7.165,30567300
,6.9175,7.6525,6.5,7.407500000000001,7.407500000000001,26862950
2020-09-01,7.3,7.82,6.77,7.65,7.65,23158600
,7.425,7.8775,6.8549999999999995,7.665,7.665,20621725
,7.55,7.9350000000000005,6.9399999999999995,7.68,7.68,18084850
,7.675,7.992500000000001,7.025,7.695,7.695,15547975
2020-09-02,7.8,8.05,7.11,7.71,7.71,13011100
,7.82,8.15,7.1425,7.737500000000001,7.737500000000001,13344450
,7.84,8.25,7.175000000000001,7.765000000000001,7.765000000000001,13677800
,7.859999999999999,8.35,7.2075000000000005,7.7925,7.7925,14011150
2020-09-03,7.88,8.45,7.24,7.82,7.82,14344500
,7.855,8.317499999999999,7.2225,7.7775,7.7775,12673875
,7.83,8.184999999999999,7.205,7.735,7.735,11003250
,7.805,8.052499999999998,7.1875,7.692500000000001,7.692500000000001,9332625
2020-09-04,7.78,7.92,7.17,7.65,7.65,7662000
,7.7225,8.01,7.2475000000000005,7.6625000000000005,7.6625000000000005,8200650
,7.665,8.1,7.325,7.675000000000001,7.675000000000001,8739300
,7.6075,8.19,7.4025,7.6875,7.6875,9277950
2020-09-08,7.55,8.28,7.48,7.7,7.7,9816600
,7.6525,8.2075,7.4375,7.612500000000001,7.612500000000001,9629475
,7.755,8.135,7.395,7.525,7.525,9442350
,7.8575,8.0625,7.352499999999999,7.4375,7.4375,9255225
2020-09-09,7.96,7.99,7.31,7.35,7.35,9068100
,7.6325,7.73,7.029999999999999,7.07,7.07,10690650
,7.305,7.470000000000001,6.75,6.79,6.79,12313200
,6.9775,7.210000000000001,6.470000000000001,6.51,6.51,13935750
2020-09-10,6.65,6.95,6.19,6.23,6.23,15558300
,6.5525,6.795,6.11,6.195,6.195,13184025
,6.455,6.640000000000001,6.03,6.16,6.16,10809750
,6.3575,6.485,5.95,6.125,6.125,8435475
2020-09-11,6.26,6.33,5.87,6.09,6.09,6061200
,6.395,6.4975000000000005,6.01,6.295,6.295,7075650
,6.529999999999999,6.665,6.15,6.5,6.5,8090100
,6.664999999999999,6.8325,6.29,6.705,6.705,9104550
2020-09-14,6.8,7,6.43,6.91,6.91,10119000
,6.8149999999999995,7.0649999999999995,6.495,6.955,6.955,9025125
,6.83,7.13,6.5600000000000005,7,7,7931250
,6.845000000000001,7.195,6.625,7.045,7.045,6837375
2020-09-15,6.86,7.26,6.69,7.09,7.09,5743500
,6.9025,7.704999999999999,6.775,7.4875,7.4875,9121700
,6.945,8.149999999999999,6.86,7.885,7.885,12499900
,6.987500000000001,8.594999999999999,6.945,8.282499999999999,8.282499999999999,15878100
2020-09-16,7.03,9.04,7.03,8.68,8.68,19256300
,7.415000000000001,9.2225,7.375,8.809999999999999,8.809999999999999,18698900
,7.800000000000001,9.405,7.720000000000001,8.94,8.94,18141500
,8.185,9.587499999999999,8.065000000000001,9.07,9.07,17584100
2020-09-17,8.57,9.77,8.41,9.2,9.2,17026700
,8.7275,9.77,8.535,9.2675,9.2675,17121900
,8.885,9.77,8.66,9.335,9.335,17217100
,9.0425,9.77,8.785,9.4025,9.4025,17312300
2020-09-18,9.2,9.77,8.91,9.47,9.47,17407500
,9.237499999999999,9.7275,8.7775,9.29,9.29,14965575
,9.274999999999999,9.684999999999999,8.645,9.11,9.11,12523650
,9.3125,9.642499999999998,8.5125,8.93,8.93,10081725
2020-09-21,9.35,9.6,8.38,8.75,8.75,7639800
,9.625,9.9925,8.760000000000002,9.2025,9.2025,14417975
,9.899999999999999,10.385,9.14,9.655000000000001,9.655000000000001,21196150
,10.174999999999999,10.7775,9.52,10.107500000000002,10.107500000000002,27974325
2020-09-22,10.45,11.17,9.9,10.56,10.56,34752500
,10.487499999999999,11.092500000000001,9.905000000000001,10.43,10.43,28727175
,10.524999999999999,11.015,9.91,10.3,10.3,22701850
,10.5625,10.9375,9.915,10.17,10.17,16676525
2020-09-23,10.6,10.86,9.92,10.04,10.04,10651200
,10.377500000000001,10.5975,9.692499999999999,9.815,9.815,9973100
,10.155000000000001,10.335,9.465,9.59,9.59,9295000
,9.932500000000001,10.072500000000002,9.2375,9.365,9.365,8616900
2020-09-24,9.71,9.81,9.01,9.14,9.14,7938800
,9.58,9.9025,9.032499999999999,9.36,9.36,7832900
,9.45,9.995000000000001,9.055,9.58,9.58,7727000
,9.32,10.0875,9.0775,9.8,9.8,7621100
2020-09-25,9.19,10.18,9.1,10.02,10.02,7515200
,9.432500000000001,10.2,9.212499999999999,10.0375,10.0375,7327475
,9.675,10.219999999999999,9.325,10.055,10.055,7139750
,9.9175,10.239999999999998,9.4375,10.0725,10.0725,6952025
2020-09-28,10.16,10.26,9.55,10.09,10.09,6764300
,10.120000000000001,10.3575,9.645,10.155,10.155,6382625
,10.08,10.455,9.74,10.219999999999999,10.219999999999999,6000950
,10.04,10.5525,9.835,10.285,10.285,5619275
2020-09-29,10,10.65,9.93,10.35,10.35,5237600
,10.0625,10.6775,9.9625,10.3125,10.3125,5447950
,10.125,10.705,9.995000000000001,10.274999999999999,10.274999999999999,5658300
,10.1875,10.7325,10.0275,10.237499999999999,10.237499999999999,5868650
2020-09-30,10.25,10.76,10.06,10.2,10.2,6079000
,10.21,10.6325,9.967500000000001,10.0925,10.0925,5697775
,10.17,10.504999999999999,9.875,9.985,9.985,5316550
,10.129999999999999,10.3775,9.782499999999999,9.8775,9.8775,4935325
2020-10-01,10.09,10.25,9.69,9.77,9.77,4554100
,9.9125,10.1325,9.592500000000001,9.675,9.675,4500700
,9.735,10.015,9.495000000000001,9.58,9.58,4447300
,9.557500000000001,9.8975,9.3975,9.485,9.485,4393900
2020-10-02,9.38,9.78,9.3,9.39,9.39,4340500
,9.395,9.732499999999998,9.287500000000001,9.4075,9.4075,3956625
,9.41,9.684999999999999,9.275,9.425,9.425,3572750
,9.425,9.6375,9.2625,9.4425,9.4425,3188875
2020-10-05,9.44,9.59,9.25,9.46,9.46,2805000
,9.469999999999999,9.6525,9.2125,9.377500000000001,9.377500000000001,3237600
,9.5,9.715,9.175,9.295000000000002,9.295000000000002,3670200
,9.530000000000001,9.7775,9.1375,9.212500000000002,9.212500000000002,4102800
2020-10-06,9.56,9.84,9.1,9.13,9.13,4535400
,9.4775,9.77,9.1175,9.1875,9.1875,4228700
,9.395,9.7,9.135,9.245000000000001,9.245000000000001,3922000
,9.3125,9.629999999999999,9.1525,9.3025,9.3025,3615300
2020-10-07,9.23,9.56,9.17,9.36,9.36,3308600
,9.307500000000001,10.580000000000002,9.175,10.3925,10.3925,21594850
,9.385,11.600000000000001,9.18,11.425,11.425,39881100
,9.462499999999999,12.620000000000001,9.184999999999999,12.4575,12.4575,58167350
2020-10-08,9.54,13.64,9.19,13.49,13.49,76453600
,10.362499999999999,13.93,9.8675,13.122499999999999,13.122499999999999,76628400
,11.184999999999999,14.22,10.545,12.754999999999999,12.754999999999999,76803200
,12.0075,14.510000000000002,11.2225,12.3875,12.3875,76978000
2020-10-09,12.83,14.8,11.9,12.02,12.02,77152800
,12.537500000000001,14.2925,11.775,11.965,11.965,63778525
,12.245000000000001,13.785,11.65,11.91,11.91,50404250
,11.9525,13.2775,11.525,11.855,11.855,37029975
2020-10-12,11.66,12.77,11.4,11.8,11.8,23655700
,11.6775,12.6825,11.4625,11.82,11.82,20286700
,11.695,12.594999999999999,11.525,11.84,11.84,16917700
,11.7125,12.5075,11.5875,11.86,11.86,13548700
2020-10-13,11.73,12.42,11.65,11.88,11.88,10179700
,11.965,12.485,11.75,11.9725,11.9725,10325125
,12.2,12.55,11.850000000000001,12.065000000000001,12.065000000000001,10470550
,12.434999999999999,12.615,11.950000000000001,12.1575,12.1575,10615975
2020-10-14,12.67,12.68,12.05,12.25,12.25,10761400
,12.5,13.285,12.035,12.645,12.645,18044750
,12.33,13.89,12.02,13.04,13.04,25328100
,12.16,14.495000000000001,12.004999999999999,13.434999999999999,13.434999999999999,32611450
2020-10-15,11.99,15.1,11.99,13.83,13.83,39894800
,12.434999999999999,14.8,12.2625,13.7,13.7,32834000
,12.879999999999999,14.5,12.535,13.57,13.57,25773200
,13.325,14.2,12.807500000000001,13.440000000000001,13.440000000000001,18712400
2020-10-16,13.77,13.9,13.08,13.31,13.31,11651600
,13.6875,14.05,13.155000000000001,13.46,13.46,12030975
,13.605,14.2,13.23,13.61,13.61,12410350
,13.5225,14.35,13.305,13.76,13.76,12789725
2020-10-19,13.44,14.5,13.38,13.91,13.91,13169100
,13.587499999999999,14.41,13.4525,13.8975,13.8975,11527825
,13.735,14.32,13.525,13.885,13.885,9886550
,13.8825,14.23,13.5975,13.872499999999999,13.872499999999999,8245275
2020-10-20,14.03,14.14,13.67,13.86,13.86,6604000
,13.997499999999999,14.21,13.7025,13.92,13.92,6293475
,13.965,14.280000000000001,13.735,13.98,13.98,5982950
,13.932500000000001,14.350000000000001,13.7675,14.04,14.04,5672425
2020-10-21,13.9,14.42,13.8,14.1,14.1,5361900
,13.975000000000001,14.782499999999999,13.8975,14.302499999999998,14.302499999999998,8074475
,14.05,15.145,13.995000000000001,14.504999999999999,14.504999999999999,10787050
,14.125,15.5075,14.092500000000001,14.7075,14.7075,13499625
2020-10-22,14.2,15.87,14.19,14.91,14.91,16212200
,14.4125,15.747499999999999,14.280000000000001,14.932500000000001,14.932500000000001,13785975
,14.625,15.625,14.370000000000001,14.955,14.955,11359750
,14.8375,15.502500000000001,14.46,14.9775,14.9775,8933525
2020-10-23,15.05,15.38,14.55,15,15,6507300
,15.02,15.3975,14.227500000000001,14.6125,14.6125,8224550
,14.99,15.415,13.905000000000001,14.225,14.225,9941800
,14.96,15.4325,13.5825,13.837499999999999,13.837499999999999,11659050
2020-10-26,14.93,15.45,13.26,13.45,13.45,13376300
,14.625,15.015,13.035,13.26,13.26,11839975
,14.32,14.58,12.809999999999999,13.07,13.07,10303650
,14.015,14.145,12.584999999999999,12.879999999999999,12.879999999999999,8767325
2020-10-27,13.71,13.71,12.36,12.69,12.69,7231000
,13.350000000000001,13.545000000000002,12.215,12.4725,12.4725,7020400
,12.99,13.38,12.07,12.254999999999999,12.254999999999999,6809800
,12.629999999999999,13.215,11.925,12.0375,12.0375,6599200
2020-10-28,12.27,13.05,11.78,11.82,11.82,6388600
,12.1725,12.850000000000001,11.754999999999999,11.7975,11.7975,5832900
,12.075,12.65,11.73,11.775,11.775,5277200
,11.9775,12.45,11.705,11.752500000000001,11.752500000000001,4721500
2020-10-29,11.88,12.25,11.68,11.73,11.73,4165800
,11.82,12.0975,11.35,11.415000000000001,11.415000000000001,6011075
,11.760000000000002,11.945,11.02,11.100000000000001,11.100000000000001,7856350
,11.700000000000001,11.7925,10.69,10.785,10.785,9701625
2020-10-30,11.64,11.64,10.36,10.47,10.47,11546900
,11.435,11.502500000000001,10.395,10.54,10.54,9966925
,11.23,11.365,10.43,10.61,10.61,8386950
,11.025,11.2275,10.465,10.68,10.68,6806975
2020-11-02,10.82,11.09,10.5,10.75,10.75,5227000
,10.8025,11.282499999999999,10.5325,10.955,10.955,5783875
,10.785,11.475,10.565000000000001,11.16,11.16,6340750
,10.7675,11.6675,10.5975,11.365,11.365,6897625
2020-11-03,10.75,11.86,10.63,11.57,11.57,7454500
,11.0025,11.837499999999999,10.625,11.405000000000001,11.405000000000001,7042850
,11.254999999999999,11.815,10.620000000000001,11.24,11.24,6631200
,11.5075,11.7925,10.615,11.075,11.075,6219550
2020-11-04,11.76,11.77,10.61,10.91,10.91,5807900
,11.6375,11.7875,10.7225,11.045,11.045,5532225
,11.515,11.805,10.835,11.18,11.18,5256550
,11.3925,11.8225,10.947500000000002,11.315,11.315,4980875
2020-11-05,11.27,11.84,11.06,11.45,11.45,4705200
,11.3325,11.9225,11.125,11.552499999999998,11.552499999999998,4908450
,11.395,12.004999999999999,11.190000000000001,11.655,11.655,5111700
,11.4575,12.087499999999999,11.255,11.7575,11.7575,5314950
2020-11-06,11.52,12.17,11.32,11.86,11.86,5518200
,11.83,12.36,11.3025,11.7675,11.7675,5699875
,12.14,12.55,11.285,11.675,11.675,5881550
,12.45,12.74,11.2675,11.5825,11.5825,6063225
2020-11-09,12.76,12.93,11.25,11.49,11.49,6244900
,12.445,12.6125,11.145,11.3925,11.3925,5640175
,12.129999999999999,12.295,11.04,11.295,11.295,5035450
,11.815,11.9775,10.934999999999999,11.1975,11.1975,4430725
2020-11-10,11.5,11.66,10.83,11.1,11.1,3826000
,11.5,11.7325,10.925,11.2625,11.2625,4090150
,11.5,11.805,11.02,11.425,11.425,4354300
,11.5,11.8775,11.115,11.5875,11.5875,4618450
2020-11-11,11.5,11.95,11.21,11.75,11.75,4882600
,11.56,11.93,11.15,11.595,11.595,4750275
,11.620000000000001,11.91,11.09,11.440000000000001,11.440000000000001,4617950
,11.68,11.89,11.030000000000001,11.285,11.285,4485625
2020-11-12,11.74,11.87,10.97,11.13,11.13,4353300
,11.645,11.79,10.9775,11.100000000000001,11.100000000000001,4148950
,11.55,11.71,10.985,11.07,11.07,3944600
,11.455,11.63,10.9925,11.04,11.04,3740250
2020-11-13,11.36,11.55,11,11.01,11.01,3535900
,11.309999999999999,11.8275,10.93,11.2725,11.2725,5095625
,11.26,12.105,10.86,11.535,11.535,6655350
,11.21,12.3825,10.79,11.7975,11.7975,8215075
2020-11-16,11.16,12.66,10.72,12.06,12.06,9774800
,11.2825,12.475,10.8475,11.9525,11.9525,9000650
,11.405000000000001,12.29,10.975000000000001,11.845,11.845,8226500
,11.5275,12.105,11.102500000000001,11.7375,11.7375,7452350
2020-11-17,11.65,11.92,11.23,11.63,11.63,6678200
,11.6875,11.95,11.3125,11.615000000000002,11.615000000000002,5800950
,11.725000000000001,11.98,11.395,11.600000000000001,11.600000000000001,4923700
,11.762500000000001,12.01,11.4775,11.585,11.585,4046450
2020-11-18,11.8,12.04,11.56,11.57,11.57,3169200
,11.75,12.2275,11.532499999999999,11.7925,11.7925,5323800
,11.7,12.415,11.504999999999999,12.015,12.015,7478400
,11.649999999999999,12.6025,11.4775,12.2375,12.2375,9633000
2020-11-19,11.6,12.79,11.45,12.46,12.46,11787600
,11.837499999999999,12.9575,11.7225,12.5225,12.5225,10939550
,12.075,13.125,11.995,12.585,12.585,10091500
,12.3125,13.2925,12.267499999999998,12.6475,12.6475,9243450
2020-11-20,12.55,13.46,12.54,12.71,12.71,8395400
,12.637500000000001,13.625,12.5725,13.0075,13.0075,8696325
,12.725000000000001,13.79,12.605,13.305,13.305,8997250
,12.8125,13.954999999999998,12.6375,13.6025,13.6025,9298175
2020-11-23,12.9,14.12,12.67,13.9,13.9,9599100
,13.232500000000002,14.155,12.8275,13.842500000000001,13.842500000000001,8995125
,13.565000000000001,14.19,12.985,13.785,13.785,8391150
,13.8975,14.225,13.1425,13.7275,13.7275,7787175
2020-11-24,14.23,14.26,13.3,13.67,13.67,7183200
,14.0725,14.5075,13.33,13.940000000000001,13.940000000000001,7602425
,13.915,14.754999999999999,13.36,14.21,14.21,8021650
,13.7575,15.0025,13.39,14.48,14.48,8440875
2020-11-25,13.6,15.25,13.42,14.75,14.75,8860100
,14.0225,15.622499999999999,13.785,15.0825,15.0825,9771125
,14.445,15.995,14.15,15.415,15.415,10682150
,14.8675,16.3675,14.515,15.747499999999999,15.747499999999999,11593175
2020-11-27,15.29,16.74,14.88,16.08,16.08,12504200
,16.009999999999998,17.409999999999997,15.299999750000001,16.19999975,16.19999975,17374025
,16.73,18.08,15.7199995,16.3199995,16.3199995,22243850
,17.450000000000003,18.75,16.139999250000002,16.43999925,16.43999925,27113675
2020-11-30,18.17,19.42,16.559999,16.559999,16.559999,31983500
,17.90500025,18.915,16.35999925,16.36999925,16.36999925,27151100
,17.6400005,18.41,16.1599995,16.1799995,16.1799995,22318700
,17.375000749999998,17.905,15.959999750000001,15.98999975,15.98999975,17486300
2020-12-01,17.110001,17.4,15.76,15.8,15.8,12653900
,16.75750075,17.22,15.665,15.995,15.995,11461275
,16.4050005,17.04,15.57,16.189999999999998,16.189999999999998,10268650
,16.05250025,16.86,15.475000000000001,16.384999999999998,16.384999999999998,9076025
2020-12-02,15.7,16.68,15.38,16.58,16.58,7883400
,15.895,16.66999975,15.502500000000001,16.46500025,16.46500025,7486300
,16.09,16.659999499999998,15.625,16.3500005,16.3500005,7089200
,16.285,16.64999925,15.747499999999999,16.235000749999998,16.235000749999998,6692100
2020-12-03,16.48,16.639999,15.87,16.120001,16.120001,6295000
,16.434999750000003,16.8024995,15.967500000000001,16.315000749999996,16.315000749999996,6964425
,16.389999500000002,16.965,16.065,16.510000499999997,16.510000499999997,7633850
,16.34499925,17.1275005,16.1625,16.705000249999998,16.705000249999998,8303275
2020-12-04,16.299999,17.290001,16.26,16.9,16.9,8972700
,16.47499925,17.34250075,16.24999975,16.7625,16.7625,8576100
,16.6499995,17.395000500000002,16.239999500000003,16.625,16.625,8179500
,16.82499975,17.44750025,16.229999250000002,16.4875,16.4875,7782900
2020-12-07,17,17.5,16.219999,16.35,16.35,7386300
,16.84250025,17.42749975,16.147499250000003,16.49750025,16.49750025,9569775
,16.6850005,17.354999499999998,16.0749995,16.645000500000002,16.645000500000002,11753250
,16.52750075,17.28249925,16.00249975,16.792500750000002,16.792500750000002,13936725
2020-12-08,16.370001,17.209999,15.93,16.940001,16.940001,16120200
,15.757500749999998,16.589999249999998,15.254999999999999,16.12000075,16.12000075,18179625
,15.145000499999998,15.9699995,14.58,15.3000005,15.3000005,20239050
,14.532500249999998,15.34999975,13.905000000000001,14.48000025,14.48000025,22298475
2020-12-09,13.92,14.73,13.23,13.66,13.66,24357900
,13.719999999999999,14.65,13.185,13.775,13.775,20158150
,13.52,14.57,13.14,13.89,13.89,15958400
,13.32,14.49,13.095,14.004999999999999,14.004999999999999,11758650
2020-12-10,13.12,14.41,13.05,14.12,14.12,7558900
,13.317499999999999,14.307500000000001,13.0425,13.9175,13.9175,7543400
,13.515,14.205,13.035,13.715,13.715,7527900
,13.7125,14.1025,13.0275,13.5125,13.5125,7512400
2020-12-11,13.91,14,13.02,13.31,13.31,7496900
,13.7675,13.8575,12.8,13.162500000000001,13.162500000000001,8124450
,13.625,13.715,12.58,13.015,13.015,8752000
,13.4825,13.5725,12.36,12.8675,12.8675,9379550
2020-12-14,13.34,13.43,12.14,12.72,12.72,10007100
,13.2,13.5775,12.225000000000001,13.002500000000001,13.002500000000001,9552775
,13.059999999999999,13.725,12.31,13.285,13.285,9098450
,12.919999999999998,13.872499999999999,12.395,13.567499999999999,13.567499999999999,8644125
2020-12-15,12.78,14.02,12.48,13.85,13.85,8189800
,13.075,14.0925,12.755,13.85,13.85,7608625
,13.370000000000001,14.165,13.030000000000001,13.85,13.85,7027450
,13.665000000000001,14.2375,13.305,13.85,13.85,6446275
2020-12-16,13.96,14.31,13.58,13.85,13.85,5865100
,13.96,14.4775,13.5825,14.094999999999999,14.094999999999999,6447550
,13.96,14.645,13.585,14.34,14.34,7030000
,13.96,14.8125,13.5875,14.585,14.585,7612450
2020-12-17,13.96,14.98,13.59,14.83,14.83,8194900
,14.415000000000001,15.30999975,13.9875,15.030000000000001,15.030000000000001,10300875
,14.870000000000001,15.6399995,14.385,15.23,15.23,12406850
,15.325,15.96999925,14.782499999999999,15.43,15.43,14512825
2020-12-18,15.78,16.299999,15.18,15.63,15.63,16618800
,15.7875,16.312499250000002,15.205,15.605,15.605,14933125
,15.795,16.3249995,15.23,15.58,15.58,13247450
,15.8025,16.33749975,15.254999999999999,15.555,15.555,11561775
2020-12-21,15.81,16.35,15.28,15.53,15.53,9876100
,15.912499750000002,17.27250025,15.497499999999999,16.51249975,16.51249975,15070250
,16.014999500000002,18.1950005,15.715,17.4949995,17.4949995,20264400
,16.11749925,19.117500749999998,15.9325,18.47749925,18.47749925,25458550
2020-12-22,16.219999,20.040001,16.15,19.459999,19.459999,30652700
,17.20749925,20.617500749999998,16.89499975,19.73749925,19.73749925,29447100
,18.1949995,21.1950005,17.639999500000002,20.014999500000002,20.014999500000002,28241500
,19.18249975,21.77250025,18.38499925,20.29249975,20.29249975,27035900
2020-12-23,20.17,22.35,19.129999,20.57,20.57,25830300
,20.380000000000003,22.1325,19.334999500000002,20.465,20.465,20938275
,20.590000000000003,21.915,19.54,20.36,20.36,16046250
,20.800000000000004,21.697499999999998,19.7450005,20.255,20.255,11154225
2020-12-24,21.01,21.48,19.950001,20.15,20.15,6262200
,21.08499975,21.60249975,20.050000750000002,20.36,20.36,6938125
,21.1599995,21.724999500000003,20.1500005,20.57,20.57,7614050
,21.23499925,21.847499250000002,20.25000025,20.78,20.78,8289975
2020-12-28,21.309999,21.969999,20.35,20.99,20.99,8965900
,21.187499250000002,21.74499925,19.90249975,20.58749975,20.58749975,9034775
,21.0649995,21.5199995,19.4549995,20.1849995,20.1849995,9103650
,20.94249975,21.294999750000002,19.007499250000002,19.78249925,19.78249925,9172525
2020-12-29,20.82,21.07,18.559999,19.379999,19.379999,9241400
,20.45999975,20.802500000000002,18.632499250000002,19.349999250000003,19.349999250000003,8414650
,20.099999500000003,20.535,18.7049995,19.3199995,19.3199995,7587900
,19.739999250000004,20.2675,18.77749975,19.28999975,19.28999975,6761150
2020-12-30,19.379999,20,18.85,19.26,19.26,5934400
,19.34749925,19.94999975,18.83749975,19.155,19.155,6181475
,19.3149995,19.8999995,18.8249995,19.05,19.05,6428550
,19.28249975,19.84999925,18.812499250000002,18.945,18.945,6675625
2020-12-31,19.25,19.799999,18.799999,18.84,18.84,6922700
,19.1875,19.624999250000002,18.387499249999998,18.442500000000003,18.442500000000003,7697650
,19.125,19.4499995,17.9749995,18.045,18.045,8472600
,19.0625,19.27499975,17.56249975,17.6475,17.6475,9247550
2021-01-04,19,19.1,17.15,17.25,17.25,10022500
,18.5875,18.845,17.169999999999998,17.28000025,17.28000025,8757250
,18.175,18.59,17.189999999999998,17.3100005,17.3100005,7492000
,17.762500000000003,18.335,17.21,17.34000075,17.34000075,6226750
2021-01-05,17.35,18.08,17.23,17.370001,17.370001,4961500
,17.3475,18.305,17.255000000000003,17.617500999999997,17.617500999999997,5235175
,17.345,18.53,17.28,17.865001,17.865001,5508850
,17.3425,18.755000000000003,17.305,18.112501,18.112501,5782525
2021-01-06,17.34,18.98,17.33,18.360001,18.360001,6056200
,17.622499750000003,19.097500250000003,17.502499999999998,18.290000749999997,18.290000749999997,6074475
,17.904999500000002,19.215000500000002,17.674999999999997,18.220000499999998,18.220000499999998,6092750
,18.187499250000002,19.33250075,17.847499999999997,18.150000249999998,18.150000249999998,6111025
2021-01-07,18.469999,19.450001,18.02,18.08,18.08,6129300
,18.397499250000003,19.1625005,17.784999999999997,17.982500249999998,17.982500249999998,6217475
,18.3249995,18.875,17.549999999999997,17.885000499999997,17.885000499999997,6305650
,18.25249975,18.5874995,17.314999999999998,17.78750075,17.78750075,6393825
2021-01-08,18.18,18.299999,17.08,17.690001,17.690001,6482000
,18.4875,18.887499249999998,17.5625,18.252501,18.252501,8588500
,18.795,19.4749995,18.045,18.815001,18.815001,10695000
,19.1025,20.06249975,18.527500000000003,19.377501,19.377501,12801500
2021-01-11,19.41,20.65,19.01,19.940001,19.940001,14908000
,19.54749975,20.5875,19.0875,19.942501,19.942501,12946175
,19.6849995,20.525,19.165,19.945000999999998,19.945000999999998,10984350
,19.82249925,20.4625,19.2425,19.947501,19.947501,9022525
2021-01-12,19.959999,20.4,19.32,19.950001,19.950001,7060700
,20.074999249999998,24.962500499999997,19.49750025,22.812500749999998,22.812500749999998,41420950
,20.1899995,29.525001,19.6750005,25.6750005,25.6750005,75781200
,20.30499975,34.0875015,19.852500749999997,28.53750025,28.53750025,110141450
2021-01-13,20.42,38.650002,20.030001,31.4,31.4,144501700
,24.837500000000002,39.75250175,23.2850005,33.5275,33.5275,131805625
,29.255000000000003,40.8550015,26.54,35.655,35.655,119109550
,33.6725,41.95750125,29.7949995,37.7825,37.7825,106413475
2021-01-14,38.09,43.060001,33.049999,39.91,39.91,93717400
,38.190000500000004,42.48250075,33.28999875,38.8075,38.8075,82004650
,38.290001000000004,41.9050005,33.529998500000005,37.705,37.705,70291900
,38.3900015,41.32750025,33.76999825,36.6025,36.6025,58579150
2021-01-15,38.490002,40.75,34.009998,35.5,35.5,46866400
,39.25500124999999,41.9425,34.66749825000001,36.46500025,36.46500025,53830275
,40.020000499999995,43.135000000000005,35.32499850000001,37.4300005,37.4300005,60794150
,40.78499975,44.3275,35.982498750000005,38.395000749999994,38.395000749999994,67758025
2021-01-19,41.549999,45.52,36.639999,39.360001,39.360001,74721900
,40.504999,44.43749975,36.494999500000006,39.300000499999996,39.300000499999996,64409375
,39.459998999999996,43.354999500000005,36.35,39.239999999999995,39.239999999999995,54096850
,38.414998999999995,42.27249925,36.2050005,39.179999499999994,39.179999499999994,43784325
2021-01-20,37.369999,41.189999,36.060001,39.119999,39.119999,33471800
,37.834999249999996,42.07999925,36.29500075,40.097499,40.097499,39158075
,38.2999995,42.9699995,36.5300005,41.074999,41.074999,44844350
,38.76499975,43.85999975,36.76500025,42.052499,42.052499,50530625
2021-01-21,39.23,44.75,37,43.029999,43.029999,56216900
,40.06999999999999,52.7525005,38.33,48.52499974999999,48.52499974999999,91452150
,40.91,60.755001,39.66,54.020000499999995,54.020000499999995,126687400
,41.75,68.7575015,40.989999999999995,59.51500125,59.51500125,161922650
2021-01-22,42.59,76.760002,42.32,65.010002,65.010002,197157900
,56.12500075,97.36499975000001,47.02250025,67.95500175000001,67.95500175000001,192336925
,69.66000149999999,117.9699975,51.7250005,70.9000015,70.9000015,187515950
,83.19500224999999,138.57499525,56.42750075,73.84500125,73.84500125,182694975
2021-01-25,96.730003,159.179993,61.130001,76.790001,76.790001,177874000
,94.68750175,156.88499474999998,65.8975,94.58749975,94.58749975,178052500
,92.6450005,154.58999649999998,70.664999,112.3849985,112.3849985,178231000
,90.60249925,152.29499825,75.432498,130.18249724999998,130.18249724999998,178409500
2021-01-26,88.559998,150,80.199997,147.979996,147.979996,178588000
,155.12749525,207.5,122.39999775,197.8624995,197.8624995,157290175
,221.6949925,265,164.5999985,247.745003,247.745003,135992350
,288.26248975,322.5,206.79999924999998,297.6275065,297.6275065,114694525
2021-01-27,354.829987,380,249,347.51001,347.51001,93396700
,332.37249025000006,405.75,214.8125,309.032509,309.032509,84751475
,309.91499350000004,431.5,180.625,270.55500800000004,270.55500800000004,76106250
,287.45749675,457.25,146.4375,232.07750700000003,232.07750700000003,67461025
2021-01-28,265,483,112.25,193.600006,193.600006,58815800
,293.67749775,465.74500275,146.6875,226.4500045,226.4500045,56753375
,322.3549955,448.4900055,181.125,259.300003,259.300003,54690950
,351.03249325,431.23500824999996,215.5625,292.15000150000003,292.15000150000003,52628525
2021-01-29,379.709991,413.980011,250,325,325,50566100
,363.92249275,390.98500824999996,240.5,300,300,47270125
,348.1349945,367.9900055,231,275,275,43974150
,332.34749625,344.99500275,221.5,250,250,40678175
2021-02-01,316.559998,322,212,225,225,37382200
,272.60999725,281,177.55500025,191.25,191.25,47582425
,228.6599965,240,143.1100005,157.5,157.5,57782650
,184.70999575000002,199,108.66500075,123.75,123.75,67982875
2021-02-02,140.759995,158,74.220001,90,90,78183100
,133.57249675,146.8500005,76.97750074999999,90.602501,90.602501,69311950
,126.3849985,135.700001,79.7350005,91.20500200000001,91.20500200000001,60440800
,119.19750024999999,124.5500015,82.49250025,91.807503,91.807503,51569650
2021-02-03,112.010002,113.400002,85.25,92.410004,92.410004,42698500
,106.805002,107.92500150000001,77.27000050000001,82.682503,82.682503,47630700
,101.600002,102.450001,69.290001,72.95500200000001,72.95500200000001,52562900
,96.395002,96.9750005,61.3100015,63.227501000000004,63.227501000000004,57495100
2021-02-04,91.190002,91.5,53.330002,53.5,53.5,62427300
,81.90250175,92.375,52.770001500000006,56.0675,56.0675,67156725
,72.6150015,93.25,52.210001000000005,58.635000000000005,58.635000000000005,71886150
,63.32750125,94.125,51.650000500000004,61.2025,61.2025,76615575
2021-02-05,54.040001,95,51.09,63.77,63.77,81345000
,58.63250175,89.415001,52.822500000000005,62.8275,62.8275,67430575
,63.2250025,83.83000200000001,54.55500000000001,61.885000000000005,61.885000000000005,53516150
,67.81750325,78.245003,56.28750000000001,60.9425,60.9425,39601725
2021-02-08,72.410004,72.660004,58.02,60,60,25687300
,68.46000325,68.745003,55.145,57.57750025,57.57750025,25976250
,64.5100025,64.83000200000001,52.27,55.1550005,55.1550005,26265200
,60.56000175,60.915001000000004,49.395,52.73250075,52.73250075,26554150
2021-02-09,56.610001,57,46.52,50.310001,50.310001,26843100
,55.15000075,58.4575005,46.527499750000004,50.532500999999996,50.532500999999996,29246075
,53.6900005,59.915001000000004,46.5349995,50.755001,50.755001,31649050
,52.23000025,61.3725015,46.54249925,50.977501000000004,50.977501000000004,34052025
2021-02-10,50.77,62.830002,46.549999,51.200001,51.200001,36455000
,50.5799995,60.9525015,46.9674995,51.17500025,51.17500025,30605425
,50.389999,59.075001,47.385000000000005,51.1499995,51.1499995,24755850
,50.19999850000001,57.197500500000004,47.80250050000001,51.12499875,51.12499875,18906275
2021-02-11,50.009998,55.32,48.220001,51.099998,51.099998,13056700
,50.1949985,55.300000499999996,48.17750050000001,51.424999,51.424999,13435850
,50.379999,55.280001,48.135000000000005,51.75,51.75,13815000
,50.5649995,55.2600015,48.0924995,52.075001,52.075001,14194150
2021-02-12,50.75,55.240002,48.049999,52.400002,52.400002,14573300
,51.2275,54.8050015,48.2974995,51.677501,51.677501,12973725
,51.705,54.370001,48.545,50.955,50.955,11374150
,52.1825,53.9350005,48.7925005,50.232499000000004,50.232499000000004,9774575
2021-02-16,52.66,53.5,49.040001,49.509998,49.509998,8175000
,51.9375,52.92249975,47.920001,48.61749825,48.61749825,8427950
,51.215,52.3449995,46.800000999999995,47.7249985,47.7249985,8680900
,50.49250000000001,51.76749925,45.680001,46.83249875,46.83249875,8933850
2021-02-17,49.77,51.189999,44.560001,45.939999,45.939999,9186800
,49.4500005,50.609999,43.58250125,44.627499,44.627499,12887750
,49.130001,50.029999000000004,42.6050015,43.314999,43.314999,16588700
,48.8100015,49.449999000000005,41.62750175,42.002499,42.002499,20289650
2021-02-18,48.490002,48.869999,40.650002,40.689999,40.689999,23990600
,46.68750125,47.624999,40.1125015,40.66499925,40.66499925,21700000
,44.8850005,46.379999,39.575001,40.6399995,40.6399995,19409400
,43.08249975,45.134999,39.0375005,40.61499975,40.61499975,17118800
2021-02-19,41.279999,43.889999,38.5,40.59,40.59,14828200
,42.632498999999996,45.044998750000005,39.4750005,41.9425,41.9425,15990150
,43.984999,46.19999850000001,40.450001,43.295,43.295,17152100
,45.337499,47.35499825000001,41.4250015,44.6475,44.6475,18314050
2021-02-22,46.689999,48.509998,42.400002,46,46,19476000
,46.2599995,47.9399985,41.8000015,45.74250025,45.74250025,16498300
,45.83,47.369999,41.200001,45.4850005,45.4850005,13520600
,45.400000500000004,46.7999995,40.6000005,45.227500750000004,45.227500750000004,10542900
2021-02-23,44.970001,46.23,40,44.970001,44.970001,7565200
,44.902501,57.599999749999995,41.17500025,56.6550005,56.6550005,26451825
,44.835001000000005,68.9699995,42.3500005,68.34,68.34,45338450
,44.767501,80.33999925,43.525000750000004,80.0249995,80.0249995,64225075
2021-02-24,44.700001,91.709999,44.700001,91.709999,91.709999,83111700
,75.91500024999999,114.95249749999999,58.77500075,95.965,95.965,99910975
,107.1299995,138.194996,72.8500005,100.220001,100.220001,116710250
,138.34499875,161.4374945,86.92500025,104.47500199999999,104.47500199999999,133509525
2021-02-25,169.559998,184.679993,101,108.730003,108.730003,150308800
,156.53499825,174.23499325,97.25,106.98250175,106.98250175,135780150
,143.5099985,163.78999349999998,93.5,105.2350005,105.2350005,121251500
,130.48499875,153.34499375,89.75,103.48749925,103.48749925,106722850
2021-02-26,117.459999,142.899994,86,101.739998,101.739998,92194200
,114.22999949999999,140.67249675,89.49250025,106.404999,106.404999,81594150
,111,138.4449995,92.9850005,111.07,111.07,70994100
,107.77000050000001,136.21750225,96.47750074999999,115.735001,115.735001,60394050
2021-03-01,104.540001,133.990005,99.970001,120.400002,120.400002,49794000
,107.63750075000002,133.792503,103.0275,119.8450015,119.8450015,45791250
,110.73500050000001,133.595001,106.084999,119.290001,119.290001,41788500
,113.83250025000001,133.39749899999998,109.14249799999999,118.73500050000001,118.73500050000001,37785750
2021-03-02,116.93,133.199997,112.199997,118.18,118.18,33783000
,118.3250005,131.83749775,112.4299985,119.68,119.68,30155725
,119.720001,130.4749985,112.66,121.18,121.18,26528450
,121.1150015,129.11249924999998,112.8900015,122.68,122.68,22901175
2021-03-03,122.510002,127.75,113.120003,124.18,124.18,19273900
,123.13250149999999,132.77999875,113.665003,126.2225015,126.2225015,22607150
,123.755001,137.8099975,114.210003,128.265003,128.265003,25940400
,124.3775005,142.83999625,114.755003,130.3075045,130.3075045,29273650
2021-03-04,125,147.869995,115.300003,132.350006,132.350006,32606900
,125.79249949999999,148.78499599999998,118.35000225,133.69750575,133.69750575,32138600
,126.584999,149.699997,121.4000015,135.0450055,135.0450055,31670300
,127.3774985,150.614998,124.45000075,136.39250525,136.39250525,31202000
2021-03-05,128.169998,151.529999,127.5,137.740005,137.740005,30733700
,134.84999825,166.364998,132.1500015,151.93000375,151.93000375,38941675
,141.52999849999998,181.199997,136.800003,166.1200025,166.1200025,47149650
,148.20999874999998,196.03499599999998,141.4500045,180.31000125,180.31000125,55357625
2021-03-08,154.889999,210.869995,146.100006,194.5,194.5,63565600
,170.595001,220.61499775,161.70250325,207.5999985,207.5999985,57449025
,186.300003,230.3600005,177.3050005,220.699997,220.699997,51332450
,202.00500499999998,240.10500325,192.90749775,233.7999955,233.7999955,45215875
2021-03-09,217.710007,249.850006,208.509995,246.899994,246.899994,39099300
,230.64000349999998,274.5125045,199.38249625,251.4249955,251.4249955,47217125
,243.57,299.175003,190.2549975,255.949997,255.949997,55334950
,256.4999965,323.83750150000003,181.12749875,260.47499849999997,260.47499849999997,63452775
2021-03-10,269.429993,348.5,172,265,265,71570600
,262.48249450000003,331.75,187.1500015,263.75,263.75,60756075
,255.534996,315,202.300003,262.5,262.5,49941550
,248.58749749999998,298.25,217.4500045,261.25,261.25,39127025
2021-03-11,241.639999,281.5,232.600006,260,260,28312500
,249.97999925,285,240.01750175,261.125,261.125,27695850
,258.3199995,288.5,247.4349975,262.25,262.25,27079200
,266.65999975,292,254.85249325,263.375,263.375,26462550
2021-03-12,275,295.5,262.269989,264.5,264.5,25845900
,275.62999725,292.375,248.20249175,253.40999975,253.40999975,25409525
,276.2599945,289.25,234.1349945,242.3199995,242.3199995,24973150
,276.88999175000004,286.125,220.06749725,231.22999925,231.22999925,24536775
2021-03-15,277.519989,283,206,220.139999,220.139999,24100400
,258.92999275,267.42499925,197.5875015,217.14749874999998,217.14749874999998,26931025
,240.33999649999998,251.8499985,189.175003,214.15499849999998,214.15499849999998,29761650
,221.75000024999997,236.27499775,180.7625045,211.16249825,211.16249825,32592275
2021-03-16,203.160004,220.699997,172.350006,208.169998,208.169998,35422900
,206.83000199999998,223.392498,180.2625045,208.579998,208.579998,30687575
,210.5,226.08499899999998,188.175003,208.989998,208.989998,25952250
,214.16999800000002,228.77749999999997,196.0875015,209.399998,209.399998,21216925
2021-03-17,217.839996,231.470001,204,209.809998,209.809998,16481600
,216.879997,228.322502,201.9124985,207.79499850000002,207.79499850000002,15302425
,215.91999800000002,225.175003,199.824997,205.779999,205.779999,14123250
,214.959999,222.02750400000002,197.7374955,203.7649995,203.7649995,12944075
2021-03-18,214,218.880005,195.649994,201.75,201.75,11764900
,209.432499,220.91000375,192.40249649999998,201.380001,201.380001,14993000
,204.864998,222.9400025,189.15499899999998,201.010002,201.010002,18221100
,200.29749700000002,224.97000125,185.90750149999997,200.64000299999998,200.64000299999998,21449200
2021-03-19,195.729996,227,182.660004,200.270004,200.270004,24677300
,198.11249575,222.84000025,183.54500224999998,198.82500425,198.82500425,21023350
,200.49499550000002,218.6800005,184.4300005,197.38000449999998,197.38000449999998,17369400
,202.87749525,214.52000075,185.31499875,195.93500475,195.93500475,13715450
2021-03-22,205.259995,210.360001,186.199997,194.490005,194.490005,10061500
,203.31999625,208.20750075,184.0374985,191.30500375,191.30500375,11153400
,201.3799975,206.0550005,181.875,188.1200025,188.1200025,12245300
,199.43999875,203.90250025,179.7125015,184.93500125,184.93500125,13337200
2021-03-23,197.5,201.75,177.550003,181.75,181.75,14429100
,187.619999,193.05500025,162.817503,166.39749899999998,166.39749899999998,16866300
,177.739998,184.3600005,148.085003,151.044998,151.044998,19303500
,167.85999700000002,175.66500075,133.352503,135.692497,135.692497,21740700
2021-03-24,157.979996,166.970001,118.620003,120.339996,120.339996,24177900
,149.3574965,172.10250075,118.19000274999999,136.192497,136.192497,30874000
,140.734997,177.2350005,117.7600025,152.044998,152.044998,37570100
,132.1124975,182.36750025,117.33000225,167.89749899999998,167.89749899999998,44266200
2021-03-25,123.489998,187.5,116.900002,183.75,183.75,50962300
,142.03749675,195.35749825,128.49000024999998,183.0625,183.0625,47579400
,160.5849955,203.21499649999998,140.0799985,182.375,182.375,44196500
,179.13249424999998,211.07249474999998,151.66999675,181.6875,181.6875,40813600
2021-03-26,197.679993,218.929993,163.259995,181,181,37430700
,193.44749474999998,212.67749425,165.822495,181.07500075000002,181.07500075000002,30583575
,189.21499649999998,206.4249955,168.384995,181.1500015,181.1500015,23736450
,184.98249825,200.17249675,170.947495,181.22500225,181.22500225,16889325
2021-03-29,180.75,193.919998,173.509995,181.300003,181.300003,10042200
,182.4375,196.51499925000002,175.63249625,184.590004,184.590004,11805375
,184.125,199.1100005,177.7549975,187.88000499999998,187.88000499999998,13568550
,185.8125,201.70500175,179.87749875,191.170006,191.170006,15331725
2021-03-30,187.5,204.300003,182,194.460007,194.460007,17094900
,190,203.090004,183.27750025,193.300007,193.300007,14919625
,192.5,201.88000499999998,184.5550005,192.140007,192.140007,12744350
,195,200.670006,185.83250075,190.980007,190.980007,10569075
2021-03-31,197.5,199.460007,187.110001,189.820007,189.820007,8393800
,196.46500025,198.8375055,186.23250225,190.2275045,190.2275045,8628925
,195.4300005,198.215004,185.3550035,190.635002,190.635002,8864050
,194.39500075,197.5925025,184.47750475,191.0424995,191.0424995,9099175
2021-04-01,193.360001,196.970001,183.600006,191.449997,191.449997,9334300
,187.77000075,196.47750075,178.90250400000002,190.324997,190.324997,10518350
,182.1800005,195.9850005,174.205002,189.199997,189.199997,11702400
,176.59000025,195.49250025,169.5075,188.074997,188.074997,12886450
2021-04-05,171,195,164.809998,186.949997,186.949997,14070500
,174.55250175,194.25,169.497498,186.33749775,186.33749775,12107450
,178.1050035,193.5,174.184998,185.7249985,185.7249985,10144400
,181.65750524999999,192.75,178.872498,185.11249924999998,185.11249924999998,8181350
2021-04-06,185.210007,192,183.559998,184.5,184.5,6218300
,184.7125055,190.125,181.69749875000002,182.86750025,182.86750025,5855800
,184.215004,188.25,179.8349995,181.2350005,181.2350005,5493300
,183.7175025,186.375,177.97250025,179.60250075,179.60250075,5130800
2021-04-07,183.220001,184.5,176.110001,177.970001,177.970001,4768300
,183.885002,184.84500125,173.15750150000002,176.04249950000002,176.04249950000002,6088075
,184.550003,185.1900025,170.205002,174.114998,174.114998,7407850
,185.21500400000002,185.53500375,167.2525025,172.1874965,172.1874965,8727625
2021-04-08,185.880005,185.880005,164.300003,170.259995,170.259995,10047400
,181.83500300000003,182.30500425000002,161.47500225,167.2849965,167.2849965,9901150
,177.79000100000002,178.7300035,158.6500015,164.309998,164.309998,9754900
,173.744999,175.15500275,155.82500075000002,161.3349995,161.3349995,9608650
2021-04-09,169.699997,171.580002,153,158.360001,158.360001,9462400
,166.802498,169.66000000000003,148.50249875,154.04249975000002,154.04249975000002,11267700
,163.904999,167.739998,144.0049975,149.72499850000003,149.72499850000003,13073000
,161.0075,165.819996,139.50749625,145.40749725,145.40749725,14878300
2021-04-12,158.110001,163.899994,135.009995,141.089996,141.089996,16683600
,154.052502,159.26999675,134.25749625,141.06499825000003,141.06499825000003,14214425
,149.995003,154.6399995,133.5049975,141.04000050000002,141.04000050000002,11745250
,145.937504,150.01000225,132.75249875,141.01500275,141.01500275,9276075
2021-04-13,141.880005,145.380005,132,140.990005,140.990005,6806900
,142.3025055,152.55750275000003,134.75,147.3750035,147.3750035,10389700
,142.725006,159.7350005,137.5,153.760002,153.760002,13972500
,143.14750650000002,166.91249825,140.25,160.14500049999998,160.14500049999998,17555300
2021-04-14,143.570007,174.089996,143,166.529999,166.529999,21138100
,148.42750525000002,172.129997,145.45000075000002,164.00749975000002,164.00749975000002,17817775
,153.28500350000002,170.16999800000002,147.9000015,161.4850005,161.4850005,14497450
,158.14250175,168.209999,150.35000225,158.96250125,158.96250125,11177125
2021-04-15,163,166.25,152.800003,156.440002,156.440002,7856800
,161.25,164.73749924999998,152.41250225,156.002502,156.002502,7196275
,159.5,163.2249985,152.0250015,155.565002,155.565002,6535750
,157.75,161.71249775,151.63750075000002,155.127502,155.127502,5875225
2021-04-16,156,160.199997,151.25,154.690002,154.690002,5214700
,159.95000075000002,163.949997,154.0200005,157.11000024999998,157.11000024999998,6541075
,163.9000015,167.699997,156.79000100000002,159.52999849999998,159.52999849999998,7867450
,167.85000225,171.449997,159.5600015,161.94999674999997,161.94999674999997,9193825
2021-04-19,171.800003,175.199997,162.330002,164.369995,164.369995,10520200
,169.885002,172.6224975,160.08750175,162.90999599999998,162.90999599999998,9054800
,167.970001,170.044998,157.84500150000002,161.449997,161.449997,7589400
,166.055,167.46749849999998,155.60250125000002,159.989998,159.989998,6124000
2021-04-20,164.139999,164.889999,153.360001,158.529999,158.529999,4658600
,162.70499775,164.41249825,154.00000025,158.52499799999998,158.52499799999998,4447150
,161.2699965,163.9349975,154.6399995,158.519997,158.519997,4235700
,159.83499525,163.45749675000002,155.27999875,158.514996,158.514996,4024250
2021-04-21,158.399994,162.979996,155.919998,158.509995,158.509995,3812800
,158.574997,162.0099985,153.65499875,156.67499575,156.67499575,3946050
,158.75,161.04000100000002,151.3899995,154.83999649999998,154.83999649999998,4079300
,158.925003,160.0700035,149.12500025,153.00499724999997,153.00499724999997,4212550
2021-04-22,159.100006,159.100006,146.860001,151.169998,151.169998,4345800
,156.5750045,157.7400055,146.32,151.17249675,151.17249675,4266625
,154.050003,156.38000499999998,145.779999,151.1749955,151.1749955,4187450
,151.5250015,155.02000449999997,145.239998,151.17749425,151.17749425,4108275
2021-04-23,149,153.660004,144.699997,151.179993,151.179993,4029100
,149.494999,158.91500125,145.71499649999998,155.617493,155.617493,5654850
,149.989998,164.1699985,146.729996,160.054993,160.054993,7280600
,150.48499700000002,169.42499575,147.74499550000002,164.492493,164.492493,8906350
2021-04-26,150.979996,174.679993,148.759995,168.929993,168.929993,10532100
,159.12249774999998,178.00999474999998,154.86249575,171.13999575,171.13999575,10132250
,167.2649995,181.33999649999998,160.96499649999998,173.3499985,173.3499985,9732400
,175.40750125,184.66999825,167.06749724999997,175.56000125,175.56000125,9332550
2021-04-27,183.550003,188,173.169998,177.770004,177.770004,8932700
,180.68750375000002,186.494999,171.38499825,177.97250350000002,177.97250350000002,8146750
,177.8250045,184.989998,169.5999985,178.175003,178.175003,7360800
,174.96250525,183.48499700000002,167.81499875,178.3775025,178.3775025,6574850
2021-04-28,172.100006,181.979996,166.029999,178.580002,178.580002,5788900
,173.21500400000002,181.69999725000002,167.20999925,177.982502,177.982502,5281750
,174.330002,181.41999850000002,168.3899995,177.385002,177.385002,4774600
,175.445,181.13999975000002,169.56999975,176.787502,176.787502,4267450
2021-04-29,176.559998,180.860001,170.75,176.190002,176.190002,3760300
,176.16999850000002,181.59500150000002,171.23749924999998,175.5400005,175.5400005,3928625
,175.779999,182.330002,171.7249985,174.889999,174.889999,4096950
,175.3899995,183.0650025,172.21249775,174.23999750000002,174.23999750000002,4265275
2021-04-30,175,183.800003,172.699997,173.589996,173.589996,4433600
,175.62250125,182.22250350000002,169.427498,170.74249625,170.74249625,4640450
,176.2450025,180.645004,166.154999,167.8949965,167.8949965,4847300
,176.86750375,179.06750449999998,162.8825,165.04749675,165.04749675,5054150
2021-05-03,177.490005,177.490005,159.610001,162.199997,162.199997,5261000
,172.86750375,173.490005,157.65750150000002,161.83249675,161.83249675,4947625
,168.2450025,169.490005,155.705002,161.46499649999998,161.46499649999998,4634250
,163.62250125,165.490005,153.7525025,161.09749625,161.09749625,4320875
2021-05-04,159,161.490005,151.800003,160.729996,160.729996,4007500
,159.7075005,162.49250375,153.43250275,160.417496,160.417496,3706975
,160.41500100000002,163.4950025,155.0650025,160.104996,160.104996,3406450
,161.1225015,164.49750125,156.69750225,159.792496,159.792496,3105925
2021-05-05,161.830002,165.5,158.330002,159.479996,159.479996,2805400
,161.58750175,165.30500025,157.64750300000003,159.86249575,159.86249575,2839750
,161.34500150000002,165.1100005,156.96500400000002,160.24499550000002,160.24499550000002,2874100
,161.10250125000002,164.91500075,156.28250500000001,160.62749525,160.62749525,2908450
2021-05-06,160.860001,164.720001,155.600006,161.009995,161.009995,2942800
,160.672501,165.39250175,156.0750045,161.0349965,161.0349965,2940750
,160.485001,166.0650025,156.550003,161.059998,161.059998,2938700
,160.297501,166.73750324999997,157.0250015,161.0849995,161.0849995,2936650
2021-05-07,160.110001,167.410004,157.5,161.110001,161.110001,2934600
,160.41000025,165.95500199999998,153.875,156.63750100000001,156.63750100000001,3402625
,160.7099995,164.5,150.25,152.16500100000002,152.16500100000002,3870650
,161.00999875000002,163.04499800000002,146.625,147.692501,147.692501,4338675
2021-05-10,161.309998,161.589996,143,143.220001,143.220001,4806700
,155.23249850000002,158.817497,141.375,144.14500025,144.14500025,4776175
,149.154999,156.04499800000002,139.75,145.0699995,145.0699995,4745650
,143.0774995,153.272499,138.125,145.99499874999998,145.99499874999998,4715125
2021-05-11,137,150.5,136.5,146.919998,146.919998,4684600
,139.17499924999998,150.5,137.932499,146.38749675,146.38749675,4196325
,141.3499985,150.5,139.364998,145.8549955,145.8549955,3708050
,143.52499775,150.5,140.79749700000002,145.32249425,145.32249425,3219775
2021-05-12,145.699997,150.5,142.229996,144.789993,144.789993,2731500
,146.13499825,155.36249924999998,143.27999525,149.71749475000001,149.71749475000001,4267000
,146.5699995,160.2249985,144.3299945,154.6449965,154.6449965,5802500
,147.00500075,165.08749775,145.37999374999998,159.57249825,159.57249825,7338000
2021-05-13,147.440002,169.949997,146.429993,164.5,164.5,8873500
,150.58000149999998,169.079998,148.877495,163.3549995,163.3549995,7728500
,153.720001,168.20999899999998,151.324997,162.20999899999998,162.20999899999998,6583500
,156.8600005,167.33999999999997,153.77249899999998,161.0649985,161.0649985,5438500
2021-05-14,160,166.470001,156.220001,159.919998,159.919998,4293500
,159.9625015,170.47750075,156.91500075,165.08999999999997,165.08999999999997,5085650
,159.925003,174.4850005,157.6100005,170.260002,170.260002,5877800
,159.8875045,178.49250025,158.30500025,175.430004,175.430004,6669950
2021-05-17,159.850006,182.5,159,180.600006,180.600006,7462100
,163.52250275,184.17499924999998,161.317501,180.617504,180.617504,7531250
,167.1949995,185.8499985,163.635002,180.635002,180.635002,7600400
,170.86749625,187.52499775,165.95250299999998,180.65249999999997,180.65249999999997,7669550
2021-05-18,174.539993,189.199997,168.270004,180.669998,180.669998,7738700
,173.90249599999999,186.64499675,167.2400015,177.70999899999998,177.70999899999998,7010500
,173.264999,184.08999649999998,166.20999899999998,174.75,174.75,6282300
,172.627502,181.53499625,165.1799965,171.79000100000002,171.79000100000002,5554100
2021-05-19,171.990005,178.979996,164.149994,168.830002,168.830002,4825900
,171.690002,177.96249799999998,164.837494,169.24500275000003,169.24500275000003,4238975
,171.389999,176.945,165.524994,169.66000350000002,169.66000350000002,3652050
,171.08999599999999,175.927502,166.212494,170.07500425,170.07500425,3065125
2021-05-20,170.789993,174.910004,166.899994,170.490005,170.490005,2478200
,170.84249475000001,175.99250424999997,167.757496,172.065002,172.065002,2772325
,170.8949965,177.07500449999998,168.614998,173.639999,173.639999,3066450
,170.94749825,178.15750475,169.47250000000003,175.21499599999999,175.21499599999999,3360575
2021-05-21,171,179.240005,170.330002,176.789993,176.789993,3654700
,172.2125015,181.5450055,171.08500300000003,177.5949935,177.5949935,3907100
,173.425003,183.850006,171.84000400000002,178.399994,178.399994,4159500
,174.6375045,186.1550065,172.59500500000001,179.2049945,179.2049945,4411900
2021-05-24,175.850006,188.460007,173.350006,180.009995,180.009995,4664300
,177.1375045,195.6225055,175.2625045,187.3649945,187.3649945,7220100
,178.425003,202.78500400000001,177.175003,194.71999399999999,194.71999399999999,9775900
,179.7125015,209.9475025,179.0875015,202.0749935,202.0749935,12331700
2021-05-25,181,217.110001,181,209.429993,209.429993,14887500
,193,224.95249975000002,192.13750075000002,217.71249425000002,217.71249425000002,16445600
,205,232.79499850000002,203.2750015,225.99499550000002,225.99499550000002,18003700
,217,240.63749725000002,214.41250225,234.27749675,234.27749675,19561800
2021-05-26,229,248.479996,225.550003,242.559998,242.559998,21119900
,229.20000075000002,252.35999700000002,225.91250225,245.45249975000002,245.45249975000002,19721500
,229.4000015,256.239998,226.2750015,248.34500150000002,248.34500150000002,18323100
,229.60000225,260.119999,226.63750075000002,251.23750325000003,251.23750325000003,16924700
2021-05-27,229.800003,264,227,254.130005,254.130005,15526300
,238.09250250000002,265.199997,225.60749825,246.09750375,246.09750375,14582575
,246.38500200000001,266.399994,224.21499649999998,238.0650025,238.0650025,13638850
,254.6775015,267.599991,222.82249474999998,230.03250125,230.03250125,12695125
2021-05-28,262.970001,268.799988,221.429993,222,222,11751400
,255.59749975000003,265.34499,222.83999649999998,228.755001,228.755001,11219950
,248.22499850000003,261.889992,224.25,235.510002,235.510002,10688500
,240.85249725,258.434994,225.66000350000002,242.26500299999998,242.26500299999998,10157050
2021-06-01,233.479996,254.979996,227.070007,249.020004,249.020004,9625600
,237.32999825000002,264.734997,231.37750599999998,257.3250005,257.3250005,11224000
,241.1800005,274.489998,235.685005,265.629997,265.629997,12822400
,245.03000275,284.244999,239.992504,273.9349935,273.9349935,14420800
2021-06-02,248.880005,294,244.300003,282.23999,282.23999,16019200
,253.08750150000003,289.10749825,243.755001,276.22499074999996,276.22499074999996,14014400
,257.294998,284.2149965,243.20999899999998,270.2099915,270.2099915,12009600
,261.5024945,279.32249475000003,242.66499699999997,264.19499225000004,264.19499225000004,10004800
2021-06-03,265.709991,274.429993,242.119995,258.179993,258.179993,8000000
,263.2874905,272.07249475000003,243.03249725,255.72499500000004,255.72499500000004,6909375
,260.86499000000003,269.7149965,243.9449995,253.26999700000002,253.26999700000002,5818750
,258.4424895,267.35749825,244.85750174999998,250.814999,250.814999,4728125
2021-06-04,256.019989,265,245.770004,248.360001,248.360001,3637500
,256.51499175000004,269.25,248.12750225000002,256.27250325,256.27250325,4241000
,257.0099945,273.5,250.4850005,264.1850055,264.1850055,4844500
,257.50499725,277.75,252.84249875,272.09750775,272.09750775,5448000
2021-06-07,258,282,255.199997,280.01001,280.01001,6051500
,266.5,297.665001,261.64999775,285.0075075,285.0075075,8898400
,275,313.33000200000004,268.09999849999997,290.005005,290.005005,11745300
,283.5,328.995003,274.54999925,295.0025025,295.0025025,14592200
2021-06-08,292,344.660004,281,300,300,17439100
,294.77999875,340.495003,283.6275025,300.6399995,300.6399995,16436650
,297.5599975,336.33000200000004,286.255005,301.279999,301.279999,15434200
,300.33999625,332.165001,288.8825075,301.9199985,301.9199985,14431750
2021-06-09,303.119995,328,291.51001,302.559998,302.559998,13429300
,297.83999625,318,271.38250750000003,282.01749825,282.01749825,15817025
,292.5599975,308,251.255005,261.47499849999997,261.47499849999997,18204750
,287.27999875,298,231.1275025,240.93249874999998,240.93249874999998,20592475
2021-06-10,282,288,211,220.389999,220.389999,22980200
,267.08750150000003,276.28250125,209.78250125,223.62749825,223.62749825,21130350
,252.175003,264.5650025,208.5650025,226.86499750000002,226.86499750000002,19280500
,237.2625045,252.84750375,207.34750375,230.10249675,230.10249675,17430650
2021-06-11,222.350006,241.130005,206.130005,233.339996,233.339996,15580800
,225.8875045,240.35000250000002,209.39750300000003,232.36499750000002,232.36499750000002,13468750
,229.425003,239.57,212.66500100000002,231.389999,231.389999,11356700
,232.9625015,238.7899975,215.932499,230.4150005,230.4150005,9244650
2021-06-14,236.5,238.009995,219.199997,229.440002,229.440002,7132600
,233.96500025,235.81999625,216.39999775,227.70500149999998,227.70500149999998,7174925
,231.4300005,233.6299975,213.5999985,225.970001,225.970001,7217250
,228.89500075,231.43999875,210.79999924999998,224.2350005,224.2350005,7259575
2021-06-15,226.360001,229.25,208,222.5,222.5,7301900
,223.580002,229.119999,208.25,222.61750025,222.61750025,6867625
,220.800003,228.989998,208.5,222.7350005,222.7350005,6433350
,218.020004,228.85999700000002,208.75,222.85250075,222.85250075,5999075
2021-06-16,215.240005,228.729996,209,222.970001,222.970001,5564800
,217.43000375,229.96249799999998,212.119999,223.12499975,223.12499975,5325750
,219.6200025,231.195,215.239998,223.2799985,223.2799985,5086700
,221.81000125,232.427502,218.35999700000002,223.43499725,223.43499725,4847650
2021-06-17,224,233.660004,221.479996,223.589996,223.589996,4608600
,223.04499825,231.11750424999997,219.35999700000002,221.14749875,221.14749875,4536525
,222.08999649999998,228.57500449999998,217.239998,218.7050015,218.7050015,4464450
,221.13499474999998,226.03250475,215.119999,216.26250425,216.26250425,4392375
2021-06-18,220.179993,223.490005,213,213.820007,213.820007,4320300
,219.37249400000002,222.21750225,209,210.457504,210.457504,4520275
,218.564995,220.9449995,205,207.095001,207.095001,4720250
,217.757496,219.67249675,201,203.732498,203.732498,4920225
2021-06-21,216.949997,218.399994,197,200.369995,200.369995,5120200
,217.14499675,220.26999675,200.0424995,205.37749474999998,205.37749474999998,5890200
,217.33999649999998,222.1399995,203.08499899999998,210.3849945,210.3849945,6660200
,217.53499625,224.01000225,206.1274985,215.39249425,215.39249425,7430200
2021-06-22,217.729996,225.880005,209.169998,220.399994,220.399994,8200200
,218.65999625,225.0525055,210.40749725,220.1349945,220.1349945,7038925
,219.58999649999998,224.225006,211.6449965,219.86999500000002,219.86999500000002,5877650
,220.51999675,223.39750650000002,212.88249574999998,219.60499550000003,219.60499550000003,4716375
2021-06-23,221.449997,222.570007,214.119995,219.339996,219.339996,3555100
,221.37749875,223.7900045,213.48999775,217.5824965,217.5824965,3632150
,221.3050005,225.010002,212.8600005,215.824997,215.824997,3709200
,221.23250224999998,226.2299995,212.23000325,214.0674975,214.0674975,3786250
2021-06-24,221.160004,227.449997,211.600006,212.309998,212.309998,3863300
,219.370003,224.137497,208.3250045,211.60999725,211.60999725,6070650
,217.58000199999998,220.824997,205.050003,210.9099965,210.9099965,8278000
,215.790001,217.512497,201.7750015,210.20999575000002,210.20999575000002,10485350
2021-06-25,214,214.199997,198.5,209.509995,209.509995,12692700
,213.3125,216.762497,201.42499924999998,210.44499625,210.44499625,10739375
,212.625,219.324997,204.3499985,211.3799975,211.3799975,8786050
,211.9375,221.887497,207.27499775,212.31499875,212.31499875,6832725
2021-06-28,211.25,224.449997,210.199997,213.25,213.25,4879400
,211.834999,222.142498,209.65249649999998,212.65750125,212.65750125,4279550
,212.41999800000002,219.83499899999998,209.104996,212.0650025,212.0650025,3679700
,213.004997,217.52749999999997,208.55749550000002,211.47250375,211.47250375,3079850
2021-06-29,213.589996,215.220001,208.009995,210.880005,210.880005,2480000
,212.61499750000002,215.2350005,207.74249675,211.69500349999998,211.69500349999998,2494900
,211.639999,215.25,207.4749985,212.510002,212.510002,2509800
,210.6650005,215.2649995,207.20750025,213.3250005,213.3250005,2524700
2021-06-30,209.690002,215.279999,206.940002,214.139999,214.139999,2539600
,210.6175,215.66749975,205.70500149999998,211.6949995,211.6949995,2590225
,211.544998,216.0550005,204.470001,209.25,209.25,2640850
,212.47249599999998,216.44250125000002,203.2350005,206.8050005,206.8050005,2691475
2021-07-01,213.399994,216.830002,202,204.360001,204.360001,2742100
,211.24999624999998,213.98500074999998,200.625,203.97750125000002,203.97750125000002,2706350
,209.0999985,211.1399995,199.25,203.59500150000002,203.59500150000002,2670600
,206.95000075000002,208.29499825,197.875,203.21250175,203.21250175,2634850
2021-07-02,204.800003,205.449997,196.5,202.830002,202.830002,2599100
